-- phpMyAdmin SQL Dump
-- version 5.2.1
-- https://www.phpmyadmin.net/
--
-- Servidor: 127.0.0.1
-- Tiempo de generación: 08-09-2024 a las 06:45:30
-- Versión del servidor: 10.4.32-MariaDB
-- Versión de PHP: 8.2.12

SET SQL_MODE = "NO_AUTO_VALUE_ON_ZERO";
START TRANSACTION;
SET time_zone = "+00:00";


/*!40101 SET @OLD_CHARACTER_SET_CLIENT=@@CHARACTER_SET_CLIENT */;
/*!40101 SET @OLD_CHARACTER_SET_RESULTS=@@CHARACTER_SET_RESULTS */;
/*!40101 SET @OLD_COLLATION_CONNECTION=@@COLLATION_CONNECTION */;
/*!40101 SET NAMES utf8mb4 */;

--
-- Base de datos: `snaps_and_stories`
--

--
-- Volcado de datos para la tabla `fotos`
--

INSERT INTO `fotos` (`id`, `secure_id`, `usuario_subio_id`, `nombre_archivo`, `tamaño`, `descripcion`, `fecha_subido`, `eliminado`) VALUES
(1, '2657A7830965BBB312AF4F5A210F6A1DECC0DCE63CBD3D20DB93D1C87B907030', 1, '4.jpg', 1066478, NULL, '2024-09-08 05:56:27', 0),
(2, '090C1128C04CBCD3E704810E7CB2B6143E7CF9D3150B00655AF8650C7AE2A65C', 1, '1.jpg', 1114053, 'Foto de prueba para la demo', '2024-09-08 05:57:09', 0),
(3, '1964460B276B1F880B84C6A517E660CC2A6F730571F677B5086747B3D77B07BD', 1, '2.jpg', 463468, 'Otra foto de prueba', '2024-09-08 05:57:50', 0),
(5, 'D12D135030AECAF162729C87F8D28A70B19216C9E9491D2E7BB60BEE3D1A4F93', 2, '17.jpg', 852180, NULL, '2024-09-08 06:01:57', 0),
(6, '553E6108C55180DA506BE4CA9A85734F84AF070F2F859D2C8318712D571CCF15', 2, '3.jpg', 491612, 'Primera foto del usuario 2', '2024-09-08 06:03:18', 0),
(7, '384620422D38A55409326BA2EE8CB3E6F1597FCA5D73A5BC585C74B86BE1E36B', 2, '5.jpg', 385490, 'Otra foto del usuario 2', '2024-09-08 06:03:36', 0),
(8, '471EDFE4D0456227AF26E7C0C4AAEA0ECF3894D1F9495D9309466F858ACCA13B', 3, '9.jpg', 1095399, NULL, '2024-09-08 06:09:24', 0),
(9, 'C5205EADBA57A842AB1060417108B3A4269E9023F958BB13ECF48DD5B0D3E178', 3, '6.jpg', 753803, 'Foto de prueba del usuario 3', '2024-09-08 06:09:58', 0),
(10, '1820A3186DF167ECDBA104EFA5D29C3F72092C5BCC5DB6D8D7073004A6C7B107', 3, '7.jpg', 1294422, 'Otra foto del usuario 3', '2024-09-08 06:10:39', 0),
(11, 'B5493FB695BEE1CB561ED5DD1FE34B4D95857D45488326B74AD3FF138C8E6C86', 4, '10.jpg', 844314, NULL, '2024-09-08 06:13:54', 0),
(12, '7A69CA274E2DD5C448D4D5ACC6D58441EB4E871072307F71A67FCBD83E3FB000', 4, '8.jpg', 5777332, 'Primera foto del usuario 4', '2024-09-08 06:14:43', 0),
(13, 'C494524D3AE0DE95D2B3ED05B2A9ECE225CBE2216D9DB4B2EB72479297F97FEC', 4, '11.jpg', 1291544, 'Segunda foto del usuario 4', '2024-09-08 06:15:39', 0),
(14, '80A9B04CE18B1DAD92E7C5703A7BC79D1950A80E28036982E4BAAD9660403B52', 5, '15.jpg', 1404672, NULL, '2024-09-08 06:28:54', 0),
(15, '2984EF14AB5E43CEA667DF060C1E0CB90C8AE4719E59C4D94513012EB2F3B212', 5, '12.jpg', 1400830, 'Primera foto del usuario 5', '2024-09-08 06:32:37', 0),
(16, '54B2760C3FC23BCE170112FF5F90BC8E12887DAB1FC45473AE79F6E51D8DE4F7', 5, '13.jpg', 1038785, 'Segunda foto del usuario 5', '2024-09-08 06:33:39', 0);

--
-- Volcado de datos para la tabla `fotos_likes`
--

INSERT INTO `fotos_likes` (`id`, `foto_id`, `usuario_dio_like_id`, `fecha_hora`, `eliminado`) VALUES
(1, 1, 2, '2024-09-08 06:00:54', 0),
(2, 2, 2, '2024-09-08 06:00:56', 0),
(3, 3, 2, '2024-09-08 06:00:58', 0),
(4, 5, 2, '2024-09-08 06:02:44', 0),
(5, 7, 2, '2024-09-08 06:03:44', 0),
(6, 6, 2, '2024-09-08 06:03:46', 0),
(7, 7, 1, '2024-09-08 06:04:37', 0),
(8, 6, 1, '2024-09-08 06:04:39', 0),
(9, 5, 1, '2024-09-08 06:04:41', 0),
(10, 3, 1, '2024-09-08 06:04:43', 0),
(11, 2, 1, '2024-09-08 06:04:45', 0),
(12, 1, 1, '2024-09-08 06:04:47', 0),
(13, 1, 3, '2024-09-08 06:08:31', 0),
(14, 3, 3, '2024-09-08 06:08:34', 0),
(15, 8, 3, '2024-09-08 06:09:30', 0),
(16, 11, 4, '2024-09-08 06:14:15', 0),
(17, 12, 4, '2024-09-08 06:14:47', 0),
(18, 3, 4, '2024-09-08 06:15:01', 0),
(19, 13, 4, '2024-09-08 06:15:44', 0),
(20, 15, 5, '2024-09-08 06:32:39', 0),
(21, 14, 5, '2024-09-08 06:32:40', 0),
(22, 12, 5, '2024-09-08 06:32:50', 0),
(23, 7, 5, '2024-09-08 06:32:52', 0),
(24, 5, 5, '2024-09-08 06:32:55', 0),
(25, 16, 5, '2024-09-08 06:33:41', 0);

--
-- Volcado de datos para la tabla `seguidores`
--

INSERT INTO `seguidores` (`id`, `usuario_seguidor_id`, `usuario_siguiendo_id`, `fecha_hora`, `eliminado`) VALUES
(1, 2, 1, '2024-09-08 06:00:44', 0),
(2, 1, 2, '2024-09-08 06:04:33', 0),
(3, 3, 1, '2024-09-08 06:08:16', 0),
(4, 4, 1, '2024-09-08 06:14:52', 0),
(5, 4, 2, '2024-09-08 06:16:03', 0),
(6, 5, 1, '2024-09-08 06:28:59', 0),
(7, 5, 2, '2024-09-08 06:29:07', 0),
(8, 5, 4, '2024-09-08 06:29:15', 0),
(9, 1, 5, '2024-09-08 06:34:10', 0),
(10, 1, 4, '2024-09-08 06:34:13', 0),
(11, 1, 3, '2024-09-08 06:34:17', 0);

--
-- Volcado de datos para la tabla `usuarios`
--

INSERT INTO `usuarios` (`id`, `username`, `email`, `password`, `password_salt`, `nombre`, `apellidos`, `genero`, `fecha_hora_registro`, `foto_perfil`, `activo`) VALUES
(1, 'demo_user', 'demo_user@example.com', '765CABA58299E9082B680E8FA0D70B6E0D8DC33D7167FC733F549A8887B0A7C9C6ED191B6BAB8A02CEBA8B8C2BB9CD86984DE072630ABCD702D906ED60860930', 'E0AF312B6F02A7048AFBE098353A881E', 'Juan', 'Pérez', 'M', '2024-09-08 05:55:07', '2657A7830965BBB312AF4F5A210F6A1DECC0DCE63CBD3D20DB93D1C87B907030', 1),
(2, 'demo_user2', 'demo_user2@example.com', '76AA1FD6CBA06DD4860AF811D2B712C3D712280DCF6E2874BE30F36819D46FE0A6176DDAE202776779F453C6DE249184EFF0B5CAC86C0FBA55B5410FE7C67F5F', 'C4A7100CCA31D536E81C18D52095BAE4', 'María', 'García', 'F', '2024-09-08 06:00:29', 'D12D135030AECAF162729C87F8D28A70B19216C9E9491D2E7BB60BEE3D1A4F93', 1),
(3, 'demo_user3', 'demo_user3@example.com', 'ED4FADE3DC4E878388AE7A19EECFABE382A2EC900B72C8A35CB268E8C04834B98B8FB3AD9B32E3CDCE3C5602D1449B477985042CF991B8FDD1A00D542E4DA593', '63CB61C520C49A103F0797BE04A8DDC4', 'Carlos', 'Ramírez', 'M', '2024-09-08 06:07:52', '471EDFE4D0456227AF26E7C0C4AAEA0ECF3894D1F9495D9309466F858ACCA13B', 1),
(4, 'demo_user4', 'demo_user4@example.com', '0289B90A728039741D5303406FC6231EEC57236801631BE104B71242F0EDB3B62AEA87C1D6AEA4F185F71840C718FD12F906880CF940B07CDC70591A39EF3568', '64DB509CACE87DC5BD4D8819E75B04E9', 'Laura', 'Pérez', 'F', '2024-09-08 06:12:55', 'B5493FB695BEE1CB561ED5DD1FE34B4D95857D45488326B74AD3FF138C8E6C86', 1),
(5, 'demo_user5', 'demo_user5@example.com', '69EBA6F9B50E0239F004432FC4432792506A37C6A738327D1DB7CDA0E47BC14DAECFAB8DF036DA8E7EE8FD7AB6B3E4B8CFA79A287F3EB2D42C26D56FE9B006C7', 'FDC73EC120283E4C0CD9554A60867633', 'Sofía', 'Gómez', 'F', '2024-09-08 06:27:57', '80A9B04CE18B1DAD92E7C5703A7BC79D1950A80E28036982E4BAAD9660403B52', 1);

